{"brand":{"base":"Brake","whitelist":[{"value":"Stock (Manufacturer)"},{"value":"Generic (No brand)"},{"value":"Hope Tech"},{"value":"SRAM"},{"value":"Shimano"},{"value":"Formula"},{"value":"Hope Tech"},{"value":"Trickstuff"},{"value":"TRP"}],"max":"1"},"types":{"base":"Brake","whitelist":[{"value":"Hydraulic"},{"value":"Mechanical"}],"max":"0"},"features":{"base":"Brake","whitelist":[{"value":"Non-Series"},{"value":"T3 E4"},{"value":"Deore"},{"value":"Ultegra"},{"value":"Saint"},{"value":"XT"},{"value":"Deore"},{"value":"Sport"},{"value":"Guide Ultimate"},{"value":"Level Ultimate"},{"value":"Lightweight"},{"value":"Rust-proof"}],"max":"1"}}