{"brand":{"base":"Cassette","whitelist":[{"value":"Stock (Manufacturer)"},{"value":"Generic (No brand)"},{"value":"Shimano"},{"value":"SRAM"},{"value":"Praxis Works"},{"value":"KCNC"},{"value":"Leonardi"},{"value":"SEQlite"},{"value":"Rotor"},{"value":"SunRace"},{"value":"Garbaruk"},{"value":"Hope Tech"}],"max":"0"},"built":{"base":"Cassette","whitelist":[{"value":"Chromium"},{"value":"Chrome+Nickel"},{"value":"Titanium"},{"value":"Aluminum"},{"value":"Alloy"},{"value":"Stainless Steel"}],"max":"0"},"features":{"base":"Cassette","whitelist":[{"value":"7-Speed"},{"value":"8-Speed"},{"value":"9-Speed"},{"value":"10-Speed"},{"value":"11-Speed"},{"value":"Lightweight"},{"value":"Rust-proof"},{"value":"10-51T"},{"value":"14-28T"},{"value":"11-34T 14-34T"}],"max":"1"}}