{"brand":{"base":"Fork","whitelist":[{"value":"Stock (Manufacturer)"},{"value":"Fox"},{"value":"RockShox"},{"value":"DVO"},{"value":"Manitou"},{"value":"Cane Creek"},{"value":"DT Swiss"},{"value":"Marzocchi"},{"value":"Ohlins"},{"value":"Others"}],"max":"0"},"built":{"base":"Fork","whitelist":[{"value":"Titanium"},{"value":"Carbon Fiber"},{"value":"Aluminum\/ Alloy"},{"value":"Steel\/ Mixed"}],"max":"0"},"travel":{"base":"Fork","whitelist":[{"value":"Below 80mm"},{"value":"80mm - 100mm"},{"value":"100mm - 140mm"},{"value":"140mm - 180mm"},{"value":"Above 200mm"}],"max":"0"},"features":{"base":"Fork","whitelist":[{"value":"Lockout"},{"value":"Air Assist"},{"value":"Coil Spring"},{"value":"Adjustable Travel"},{"value":"Linear"},{"value":"Damping"},{"value":"Lightweight"}],"max":"1"}}