{"brand":{"base":"Frame","whitelist":[{"value":"Stock (Manufacturer)"},{"value":"Generic (No brand)"}],"max":"0"},"sizes":{"base":"Frame","whitelist":[{"value":"XS < 14\""},{"value":"S 15\" - 16\""},{"value":"M 17\" - 18\""},{"value":"L 19\" - 20\""},{"value":"XL 20\" - 21\""},{"value":"XXL > 21\""}],"max":"1"},"built":{"base":"Frame","whitelist":[{"value":"Titanium"},{"value":"Composite"},{"value":"Carbon Fiber"},{"value":"Aluminum\/ Alloy"},{"value":"Steel\/ Mixed"}],"max":"0"},"features":{"base":"Frame","whitelist":[{"value":"Smooth Weld"},{"value":"Alloy Shaped Tubes"},{"value":"Tapered Head Tube"},{"value":"Internal Cabling"},{"value":"Lightweight"},{"value":"Stainless Steel"}],"max":"1"},"colors":{"base":"Frame","whitelist":[{"value":"Single Tone"},{"value":"Multi-Tone"},{"value":"Red"},{"value":"White"},{"value":"Blue"},{"value":"Green"},{"value":"Orange"},{"value":"Purple"},{"value":"Black"},{"value":"Gray"},{"value":"Silver"},{"value":"Violet"},{"value":"Yellow"}],"max":"1"}}