{"brand":{"base":"Front derailleur","whitelist":[{"value":"Stock (Manufacturer)"},{"value":"Generic (No brand)"},{"value":"Shimano"},{"value":"SRAM"},{"value":"Campagnolo"},{"value":"CeramicSpeed"},{"value":"Sunlite"},{"value":"Origin8"},{"value":"FSA"}],"max":"0"},"built":{"base":"Front derailleur","whitelist":[{"value":"Aluminum"},{"value":"Plastic"},{"value":"Metal"},{"value":"Mixed"}],"max":"0"},"features":{"base":"Front derailleur","whitelist":[{"value":"Top pull"},{"value":"Bottom pull"},{"value":"Dual pull"},{"value":"Electronic"},{"value":"Low clamp"},{"value":"High clamp"},{"value":"Direct mount"},{"value":"E-type"}],"max":"1"}}