{"brand":{"base":"Hubs","whitelist":[{"value":"Stock (Manufacturer)"},{"value":"Generic (No brand)"},{"value":"Shimano"},{"value":"Chris King"},{"value":"Stans"},{"value":"DT Swiss"},{"value":"Nine Hydra"},{"value":"Hope Tech"}],"max":"0"},"built":{"base":"Hubs","whitelist":[{"value":"Carbon Fiber"},{"value":"Aluminum"},{"value":"Alloy"},{"value":"Steel"},{"value":"Mixed"}],"max":"1"},"features":{"base":"Hubs","whitelist":[{"value":"Sealed Bearings"},{"value":"Six-Bolt Mount"},{"value":"Center-Lock Mount"},{"value":"Quick Release"}],"max":"1"}}