{"brand":{"base":"Rear derailleur","whitelist":[{"value":"Stock (Manufacturer)"},{"value":"Generic (No brand)"},{"value":"Shimano"},{"value":"SRAM"},{"value":"Campagnolo"},{"value":"CeramicSpeed"},{"value":"Sunlite"},{"value":"Origin8"},{"value":"FSA"}],"max":"0"},"built":{"base":"Rear derailleur","whitelist":[{"value":"Aluminum"},{"value":"Plastic"},{"value":"Metal"},{"value":"Mixed"}],"max":"0"},"features":{"base":"Rear derailleur","whitelist":[{"value":"7-Speed"},{"value":"8-Speed"},{"value":"9-Speed"},{"value":"10-Speed"},{"value":"11-Speed"},{"value":"Crisp Shifting"},{"value":"Lightweight"},{"value":"Direct Mount"},{"value":"Stainless Steel"}],"max":"1"}}