{"brand":{"base":"Rims","whitelist":[{"value":"Stock (Manufacturer)"},{"value":"Generic (No brand)"}],"max":"0"},"sizes":{"base":"Rims","whitelist":[{"value":"Below 26"},{"value":"26 inches"},{"value":"27.5 inches"},{"value":"29 inches"},{"value":"Above 29 inches"}],"max":"1"},"built":{"base":"Rims","whitelist":[{"value":"Carbon Fiber"},{"value":"Aluminum"},{"value":"Alloy"},{"value":"Steel"},{"value":"Mixed"}],"max":"0"},"features":{"base":"Rims","whitelist":[{"value":"Tubeless"},{"value":"Below 1.9\" Tire Width"},{"value":"2.0\" Tire Width"},{"value":"2.1\" Tire Width"},{"value":"2.3\" Tire Width"},{"value":"2.4\" Tire Width"},{"value":"Above 2.5\" Tire Width"},{"value":"Rust-proof"},{"value":"Lightweight"}],"max":"1"}}