{"brand":{"base":"Shifter","whitelist":[{"value":"Stock (Manufacturer)"},{"value":"Generic (No brand)"},{"value":"Shimano"},{"value":"SRAM"},{"value":"Sunrace"},{"value":"L-Twoo"}],"max":"0"},"built":{"base":"Shifter","whitelist":[{"value":"Aluminum"},{"value":"Plastic"},{"value":"Metal"},{"value":"Mixed"}],"max":"0"},"features":{"base":"Shifter","whitelist":[{"value":"Single Release"},{"value":"Dual Release"},{"value":"XTR"},{"value":"XT"},{"value":"SLX"},{"value":"Deore"},{"value":"Alivio"},{"value":"Acera"},{"value":"Altus"},{"value":"Tourney"},{"value":"Dura Ace"},{"value":"Ultegra"},{"value":"Tiagra"},{"value":"Sora"},{"value":"Claris"},{"value":"Eagle"},{"value":"NX"},{"value":"XX-Series"},{"value":"X-Series"},{"value":"GX"},{"value":"Non-Series"}],"max":"1"}}