{"brand":{"base":"Tires","whitelist":[{"value":"Stock (Manufacturer)"},{"value":"Generic (No brand)"},{"value":"Continental"},{"value":"Schwalbe"},{"value":"Maxxis"},{"value":"Kendatire"},{"value":"CST"},{"value":"Diamondback"},{"value":"EVO"},{"value":"Giant"},{"value":"Goodyear"},{"value":"IRC"},{"value":"Minoura"},{"value":"Michelin"},{"value":"WTB"},{"value":"Wanda"}],"max":"0"},"sizes":{"base":"Tires","whitelist":[{"value":"26\" x 1.9\""},{"value":"26\" x 2.0\""},{"value":"26\" x 2.1\""},{"value":"26\" x 2.4\""},{"value":"26\" x 2.5\""},{"value":"27.5\" x 1.9\""},{"value":"27.5\" x 2.0\""},{"value":"27.5\" x 2.1\""},{"value":"27.5\" x 2.4\""},{"value":"27.5\" x 2.5\""},{"value":"29\" x 1.9\""},{"value":"29\" x 2.0\""},{"value":"29\" x 2.1\""},{"value":"29\" x 2.4\""},{"value":"29\" x 2.5\""}],"max":"0"}}